<?xml version="1.0" encoding="UTF-8"?>
<project-private xmlns="http://www.netbeans.org/ns/project-private/1">
    <editor-bookmarks xmlns="http://www.netbeans.org/ns/editor-bookmarks/2" lastBookmarkId="0"/>
    <open-files xmlns="http://www.netbeans.org/ns/projectui-open-files/2">
        <group>
            <file>file:/F:/Seb/4IV8.PSW.Cerecedo.Ramirez.Sebastian/Examen2p/web/fresa_ma.html</file>
            <file>file:/F:/Seb/4IV8.PSW.Cerecedo.Ramirez.Sebastian/Examen2p/web/mayoreo.html</file>
            <file>file:/F:/Seb/4IV8.PSW.Cerecedo.Ramirez.Sebastian/Examen2p/web/editaradmin.html</file>
            <file>file:/F:/Seb/4IV8.PSW.Cerecedo.Ramirez.Sebastian/Examen2p/web/registro.html</file>
            <file>file:/F:/Seb/4IV8.PSW.Cerecedo.Ramirez.Sebastian/Examen2p/web/vainilla_ma.html</file>
            <file>file:/F:/Seb/4IV8.PSW.Cerecedo.Ramirez.Sebastian/Examen2p/web/menudeo.html</file>
            <file>file:/F:/Seb/4IV8.PSW.Cerecedo.Ramirez.Sebastian/Examen2p/web/productosadmin.html</file>
            <file>file:/F:/Seb/4IV8.PSW.Cerecedo.Ramirez.Sebastian/Examen2p/web/carrito.html</file>
            <file>file:/F:/Seb/4IV8.PSW.Cerecedo.Ramirez.Sebastian/Examen2p/web/vainilla.html</file>
            <file>file:/F:/Seb/4IV8.PSW.Cerecedo.Ramirez.Sebastian/Examen2p/web/efectivo.html</file>
            <file>file:/F:/Seb/4IV8.PSW.Cerecedo.Ramirez.Sebastian/Examen2p/web/eliminaradmin.html</file>
            <file>file:/F:/Seb/4IV8.PSW.Cerecedo.Ramirez.Sebastian/Examen2p/web/fresa.html</file>
            <file>file:/F:/Seb/4IV8.PSW.Cerecedo.Ramirez.Sebastian/Examen2p/web/login.html</file>
            <file>file:/F:/Seb/4IV8.PSW.Cerecedo.Ramirez.Sebastian/Examen2p/web/tarjeta.html</file>
            <file>file:/F:/Seb/4IV8.PSW.Cerecedo.Ramirez.Sebastian/Examen2p/web/pago.html</file>
            <file>file:/F:/Seb/4IV8.PSW.Cerecedo.Ramirez.Sebastian/Examen2p/web/chocolate.html</file>
            <file>file:/F:/Seb/4IV8.PSW.Cerecedo.Ramirez.Sebastian/Examen2p/web/index.html</file>
            <file>file:/F:/Seb/4IV8.PSW.Cerecedo.Ramirez.Sebastian/Examen2p/web/chocolate_ma.html</file>
            <file>file:/F:/Seb/4IV8.PSW.Cerecedo.Ramirez.Sebastian/Examen2p/web/admin.html</file>
            <file>file:/F:/Seb/4IV8.PSW.Cerecedo.Ramirez.Sebastian/Examen2p/web/ticket.html</file>
        </group>
    </open-files>
</project-private>
